name,headline,is_outdoor,price_rating,booking_required,is_cardio,intimate,time_of_day,address_postcode,area_category,area_number,address_text,description,event_type,external_link,address_longitudinal,address_latitudinal,end_column_unused
Tate Modern,Enjoy modern art and have a drink on the rooftop at the Tate Modern,2,1,1,1,1,1,SE1 9TG,Southeast,5,"Tate Modern, Bankside, London SE1 9TG","Tate Modern is perfect for a casual date enjoying modern art, and in addition to the free exhibits there are usually great paid shows on display. Visit the top floor of the Blavatnik building for a 360 London skyline view at the bar/cafe. Visitors aged 16-25 can join the Tate Collective for £5 exhibition tickets.",museum,https://www.tate.org.uk/visit/tate-modern,0,0,1
Tate Britain,Enjoy art at the Tate Britain,2,1,1,1,1,1,SW1P 4RG,Southwest,6,"Tate Britain, Millbank, Westminster, London SW1P 4RG",Not available,museum,https://www.tate.org.uk/visit/tate-britain,0,0,1
V&A Museum,Check out some art and design at the V&A museum,2,1,1,1,1,1,SW7 2RL,Southwest,6,"V&A Museum, Cromwell Road, London SW7 2RL",The Victoria & Albert museum has a collection of over 2 million objects - visit to learn about art and design and see exhibits that in the past have ranged from food to top fashion.,museum,https://www.vam.ac.uk/,0,0,1
Saatchi Gallery,Check out contemporary art at Saatchi Gallery!,2,1,1,1,1,1,SW3 4RY,Southwest,6,"Saatchi Gallery, Duke of York's HQ, King's Road, London SW3 4RY",Saatchi Gallery has interesting and diverse contemporary art that will leave you thinking. A great alternative for those not excited by the more traditional art museums.,museum,https://www.saatchigallery.com/,0,0,1
National Portrait Gallery,Take a look at some old-fashioned portraiture at the National Portrait Gallery,2,1,1,1,1,1,WC2H 0HE,Central - West,2,"St. Martin's Pl, Charing Cross, London WC2H 0HE",Not available,museum,https://www.npg.org.uk/,0,0,1
Natural History Museum,Visit the Natural History Museum,2,1,1,1,1,1,SW7 5BD,Southwest,6,"Cromwell Rd, South Kensington, London SW7 5BD",Not available,museum,https://www.nhm.ac.uk/,0,0,1
Science Museum,Learn something exciting at the Science Museum,2,1,1,1,1,1,SW7 2DD,Southwest,6,"Exhibition Rd, South Kensington, London SW7 2DD",Not available,museum,http://www.sciencemuseum.org.uk,0,0,1
Tate Modern Late's,"Check out Tate Modern's after-hours, with music and drinks",2,1,1,1,2,2,SE1 9TG,Southeast,5,"Bankside, London SE1 9TG",Not available,museum,https://www.tate.org.uk/whats-on,0,0,1
Christie's Late's,"Enjoy speakers, free food tastings, and art at Christie's Auction House",2,1,1,1,2,2,SW1Y 6QT,Southwest,6,"Christie's London, 8 King St, St. Jame's, London SW1Y 6QT","On the first Monday of every month Christie's puts on a themed evening of speakers from across the art world, food tastings, and art displays. Drinks are cheap and the people watching opportunities are top.",museum,https://www.christies.com/exhibitions/christies-lates-global,0,0,1
Natural History Museum Late's,Check out the Natural History Museum's after hours,2,1,1,1,2,2,SW7 5BD,Southwest,6,"Cromwell Rd, South Kensington, London SW7 5BD",Not available,museum,https://www.nhm.ac.uk/,0,0,1
Tate Britain Late's,Check out the Tate Britain after-hours,2,1,1,1,2,2,SW1P 4RG,Southwest,6,"Tate Britain, Millbank, Westminster, London SW1P 4RG",Not available,museum,https://www.tate.org.uk/visit/tate-britain,0,0,1
National Portrait Gallery Late's,"Sit in on a free portrait drawing class, sip wine and dance to some beats at the National Portrait Gallery's Late's",2,1,1,1,2,2,WC2H 0HE,Central - West,2,"St. Martin's Pl, Charing Cross, London WC2H 0HE",Not available,museum,https://www.npg.org.uk/whatson/fridaylates,0,0,1
SoFar Sounds,Listen to live music in secret locations at SoFar Sounds,2,2,1,1,2,2,E1 6PJ,East,3,ANY,"SoFar Sounds hosts private concerts at homes, companies and small event venues in London. The performances are intimate and diverse, and the selected performers might range in genre from hip-hop to classical. Bring a bottle (or two) of wine, a spare blanket and discover your next favourite artist.",music,https://www.sofarsounds.com/,0,0,1
Hampstead Heath,"Explore Hamstead Pergola, Kenwood house, and take a swim at Hampstead Heath",1,1,1,2,1,1,NW5 1QR,Northwest,8,"Hampstead Heath, Hampstead, London NW5 1QR","Fly your kite on Parliament Hill, take a swim at the Swimming Ponds, or have a picnic in this gorgeous North London park. The stately Kenwood House was feature in Notting Hill, and the Hampstead Pergola is a particularly romantic spot. Autumn is particularly great for enjoying the foliage here.",outdoor,https://www.cityoflondon.gov.uk/things-to-do/green-spaces/hampstead-heath/Pages/default.aspx,0,0,1
St.James Park,Stroll through St.James Park to bird-watch and relax,1,1,1,2,1,1,SW1A 2BJ,Southwest,6,London SW1A 2BJ,Not available,outdoor,https://www.royalparks.org.uk/parks/st-jamess-park,0,0,1
Richmond Park,Meet some wild deer and have a picnic at Richmond Park,1,1,1,2,1,1,TW10 5HX,Southwest,6,"Richmond Park, Richmond TW10 5HX",,outdoor,https://www.royalparks.org.uk/parks/richmond-park,0,0,1
Regent's Park,"Enjoy the rose garden and fountains, and have a picnic at Regent's Park ",1,1,1,2,1,1,NW1 4NR,Northwest,8,"Chester Rd, London NW1 4NR",Not available,outdoor,https://www.royalparks.org.uk/parks/the-regents-park,0,0,1
Kew Gardens,"Check out the high line Treetop Walkway, tropical Palmhouse and lots of gardens at Kew Gardens",1,1,1,2,1,1,TW9 3AB,Southwest,6,Richmond TW9 3AB,Not available,outdoor,https://www.kew.org/,0,0,1
Holland Park,Visit the Japanese Kyoto Garden and have a picnic at Holland Park,1,1,1,2,1,1,W8 6LU,West,4,"Holland Park, Ilchester Place, London W8 6LU","Holland Park is the perfect location for a picnic and a stroll on a sunny day. The Kyoto Garden, with colorful koi fish and flora, was built by an eminent Japanese designer is a must-see.",outdoor,https://www.rbkc.gov.uk/leisure-and-culture/parks/holland-park,0,0,1
Swingers - The City,Play Mini Golf at Swingers,2,2,1,2,1,3,EC3A 8AL,Central - East,1,"8 Brown's Buildings, London EC3A 8AL",Not available,activity,https://swingersldn.com/home/city/,0,0,1
Stratford - Roof East,Play Mini Golf and Curling on a Carpark Rooftop in Stratford,1,2,1,2,2,3,E15 1BB,East,3,"7 & 8 Stratford Multi Storey Car Park, Great Eastern Rd, London E15 1BB",Not available,activity,http://www.roofeast.com/,0,0,1
Junkyard Golf Club,Play Mini Golf at Junkyard Golf Club,2,2,1,2,2,3,E1 6QL,East,3,"Old Truman Brewery, 91 Brick Ln, Spitalfields, London E1 6QL",Not available,activity,https://www.junkyardgolfclub.co.uk/london/,0,0,1
Flightclub Shoreditch,Play Darts at Flightclub Shoreditch,2,2,1,1,2,3,EC2A 2AH,Central - East,1,"2A Worship St, Finsbury, London EC2A 2AH",Not available,activity,https://flightclubdarts.com/london/location-shoreditch,0,0,1
Flightclub Islington,Play Darts at Flightclub Islington,2,2,1,1,2,3,N1 0NY,North,7,"56 Upper St, Islington, London N1 0NY",Not available,activity,https://flightclubdarts.com/london/location-islington,0,0,1
Flightclub Bloomsbury,Play Darts at Flightclub Bloomsbury,2,2,1,1,2,3,WC1A 1BS,Central - West,2,"55 New Oxford St, London WC1A 1BS",Not available,activity,https://flightclubdarts.com/london/location-bloomsbury,0,0,1
Flightclub Victoria,Play Darts at Flightclub Victoria,2,2,1,1,2,3,SW1E 5DJ,Southwest,6,"6 Sir Simon Milton Square, Westminster, London SW1E 5DJ",Not available,activity,https://flightclubdarts.com/london/location-victoria,0,0,1
DNA VR Virtual Reality Arcade,Play virtual reality games and escape rooms at DNA VR,2,3,1,2,2,3,N7 9LR,North,7,"Units 1&2, York House, Basement, 400-404 York Way, London N7 9LR",Not available,activity,https://www.dnavr.co.uk/,0,0,1
Archimedes Inspiration Escape Rooms,Try a 5-star escape room at Archimedes Inspiration Escape Rooms,2,3,1,2,1,3,SE16 4DG,Southeast,5,"Biscuit Factory, Unit K002, Kala Studios The, 100 Drummond Rd, London SE16 4DG",Not available,activity,https://www.aiescape.com/,0,0,1
HintHunt,Try an escape room at HintHunt,2,3,1,2,1,3,NW1 1BY,Northwest,8,"72-76 Eversholt St, London NW1 1BY",Not available,activity,https://hinthunt.co.uk/,0,0,1
Omescape - Islington,Try a virtual reality escape room at Omescape,2,3,1,2,1,3,N1 9QW,North,7,"All Saints Church, Carnegie St, Islington, London N1 9QW",Not available,activity,https://omescapelondon.co.uk/,0,0,1
clueQuest,Try an escape room at clueQuest,2,3,1,2,1,3,N1 0SL,North,7,"169-171 Caledonian Rd, Islington, London N1 0SL",Not available,activity,https://cluequest.co.uk/,0,0,1
Enigma Escape,Try an escape room at Enigma Escape,2,3,1,2,1,3,N7 8EL,North,7,"Unit 38, 10 Hornsey St, London N7 8EL",Not available,activity,https://enigmaescape.co.uk/,0,0,1
Rowan's,"Bowl, dance and sing karakoke at Rowan's",2,2,1,2,1,3,N4 2DF,North,7,"10 Stroud Green Rd, Finsbury Park, London N4 2DF",Not available,activity,http://rowans.co.uk/,0,0,1
Borough Market,"Bowl, play pool and have a beer at Rowan's",2,2,1,2,1,1,SE1 1TL,Southeast,5,"8 Southwark St, London SE1 1TL",Not available,market,http://boroughmarket.org.uk/,0,0,1
Maltby Street Food Market,"Eat at countless trendy foodstalls, do a wine tasting, and buy fresh cheeses and veggies at Borough Market",1,2,1,2,1,1,SE1 3PA,Southeast,5,"37 Maltby St, London SE1 3PA",Not available,market,http://www.maltby.st/,0,0,1
Old Spitafields Market,"Grab a bite and wander through market stalls filled with art, clothing and crafts",2,2,1,2,1,1,E1 6AA,East,3,"56 Brushfield St, Spitalfields, London E1 6AA","Old Spitalfields has a top-notch collection of food stalls and vendors. Try shengjianbao soup dumplings at Dumpling Shack, known for serving some of the best dumplings in London and grab a perfect coffee at Department of Coffee and Social Affairs. Discover new fashions, arts and jewellry wandering through the market stalls.",market,https://oldspitalfieldsmarket.com/,0,0,1
Brick Lane Market,"Visit international food stalls - Polish, Ethiopian, Argentinian, and more- and wander through stalls of antiques and vintage clothes at Brick Lane Market",1,2,1,2,1,1,E1 6QR,East,3,"Brick Ln, Spitalfields, London E1 6QR","Brick Lane is famous for its curry houses and Indian restaurants. Check out this area for endless stalls selling international foods, vintage clothing stores and antiques. The area includes the Sunday Upmarket (fashion, art, food), Backyard Market (jewellery, print, accessories), Boiler House Food Hall (food) and Vintage Market (clothing), The Tea Rooms (antiques and furnitires)",market,https://www.visitlondon.com/things-to-do/place/279336-brick-lane-market,0,0,1
Columbia Road Flower Market,"Bargain for flowers, cacti and houseplants at Columbia Road Flower Market",1,1,1,2,1,1,E2 7RG,East,3,"Columbia Rd, London E2 7RG",Not available,market,http://www.columbiaroad.info,0,0,1
Portobello Road Market,"Check out antiques, food stalls and more in the picturesque Notting Hill setting of Portobello Road Market",1,2,1,2,1,1,W10 5TA,West,4,"306 Portobello Rd, London W10 5TA",Not available,market,http://www.portobelloroad.co.uk/the-market/,0,0,1
Camden Market,Try some trendy fusion foods at the food stalls of trendy Camden Market,1,2,1,2,1,1,NW1 8AF,Northwest,8,"Camden Lock Pl, Camden Town, London NW1 8AF",Not available,market,https://www.camdenmarket.com/,0,0,1
Alexandra Palace Farmer's Market,Buy some fresh ingredients and taste foods at Alexandra Palace Farmer's Market,1,2,1,2,1,1,N8 7FW,North,7,London N8 7FW,Not available,market,https://www.alexandrapalace.com/things-to-do/farmers-market/,0,0,1
Pop Brixton,Enjoy some food and music at Pop Brixton,2,2,1,2,1,1,SW9 8PQ,Southwest,6,"49 Brixton Station Rd, Brixton, London SW9 8PQ",Not available,market,https://www.popbrixton.org/,0,0,1
Canopy Market,Check out the stalls at Canopy Market,2,2,1,2,1,1,N1C 4BH,North,7,"West Handyside Canopy, London N1C 4BH",Not available,market,https://www.kingscross.co.uk/canopy-market,0,0,1
Greenwich Market,Check out the stalls at Greenwich Market,1,2,1,2,1,1,SE10 9HZ,Southeast,5,"5B Greenwich Market, Greenwich Peninsula, London SE10 9HZ",Not available,market,https://www.greenwichmarket.london/,0,0,1
Southbank Centre Food Market,Enjoy some food and wander through the stalls of Southbank Centre Food Market,1,2,1,2,1,1,SE1 8XX,Southeast,5,"Southbank Centre, Belvedere Rd, Lambeth, London SE1 8XX",Not available,market,https://www.southbankcentre.co.uk/,0,0,1
Flat Iron Square,Get a drink or some snacks in Flat Iron Square,2,2,1,2,1,3,SE1 1RU,Southeast,5,"53b Southwark St, London SE1 1RU",Not available,market,https://www.flatironsquare.co.uk/,0,0,1
Cycling on Lee River,Cycle along the beautiful canalside and foliage by the Lee River,1,1,1,3,1,1,E9 5EN,East,3,"River Lee, Sweetwater Mooring, White Post Ln, London E9 5EN",Not available,sport,https://canalrivertrust.org.uk/enjoy-the-waterways/canal-and-river-network/lee-navigation,0,0,1
Serpentine at Hyde Park - Boating,Rent a boat for an hours boating on the peaceful Serpentine at Hyde Park,1,2,1,3,1,1,W2 2AR,West,4,London W2 2AR,Not available,sport,https://www.royalparks.org.uk/parks/hyde-park/things-to-see-and-do/sports-and-leisure/boating-in-hyde-park,0,0,1
VauxWall West,Go bouldering at VauxWall West,2,2,1,3,1,3,SW8 1SR,Southwest,6,"46 - 47a S Lambeth Rd, Vauxhall, London SW8 1SR",Not available,sport,https://www.vauxwest.co.uk/,0,0,1
Clip 'n Climb,Test your grip at Clip 'n Climb climbing centre,2,2,1,3,1,3,SW6 2ER,Southwest,6,"19 Michael Rd, Fulham, London SW6 2ER",Not available,sport,https://www.clipnclimbchelsea.co.uk/,0,0,1
Regents Canal,Take a peacefull stroll by Regents Canal,1,1,1,2,1,1,N1 8HD,North,7,"Islington, London N1 8HD",Not available,outdoor,https://www.visitlondon.com/things-to-do/london-areas/regents-canal,0,0,1
Little Venice,Walk along the tranquil canal and enjoy the houseboats,1,1,1,2,1,1,W2 1XB,West,4,"Little Venice, London W2 1XB",Not available,outdoor,https://www.visitlondon.com/things-to-do/place/401228-little-venice,0,0,1
Bar Salsa Soho,Take a Salsa class and dance the night away at Bar Salsa Soho,2,2,1,3,3,2,WC2H 0JG,Central - West,2,"96 Charing Cross Rd, London WC2H 0JG",Not available,sport,https://www.bar-salsa.com/soho,0,0,1
Bar Salsa Temple,Take a Salsa class and dance the night away at Bar Salsa Temple,2,2,1,3,3,2,WC2R 2PH,Central - West,2,"Temple Station, London WC2R 2PH",Not available,sport,https://www.bar-salsa.com/temple,0,0,1
Icognito Dance Putney,Learn some Salsa or Bachata and sweep your date off their feet at Icognito Dance Putney,2,2,1,3,3,2,SW15 2RD,Southwest,6,"PUTNEY CLUB,   63a Upper Richmond Rd, London SW15 2RD",Not available,sport,https://www.incognitodance.com/,0,0,1
Icognito Dance Hammersmith,Learn some Salsa or Bachata and sweep your date off their feet at Icognito Dance Hammersmith,2,2,1,3,3,2,W6 9DH,West,4,"Hammersmith Salsa Club, 11 Rutland Grove, Hammersmith, London W6 9DH",Not available,sport,https://www.incognitodance.com/,0,0,1
Yoga at Natural History Musem,Try some yoga in the unique setting of the natural history museum,2,2,1,3,2,1,SW7 5BD,Southwest,6,"Cromwell Rd, South Kensington, London SW7 5BD",Not available,sport,https://www.nhm.ac.uk/events/yoga-at-the-natural-history-museum.html,0,0,1
The Castle Climbing Centre,Spend a few hours climbing at The Castle,2,2,1,3,1,2,N4 2HA,North,7,"Green Lanes, London N4 2HA",Not available,sport,https://www.castle-climbing.co.uk/,0,0,1
Yoga at the Gherkin,Try yoga with skyline views at the Gherkin,2,3,1,3,2,1,EC3A 8BF,Central - East,1,"30 St Mary Axe, London EC3A 8BF",Not available,sport,http://www.30stmaryaxe.com/,0,0,1
Meditation Class at Re:Mind,Try a gong or crystals meditation at Re:Mind,2,3,1,1,2,3,SW1W 9NF,Southwest,6,"25A Eccleston Pl, Belgravia, London SW1W 9NF",Not available,sport,https://remindstudio.com/,0,0,1
Bread Ahead Baking Class,Learn some baking skills at Bread Ahead,2,4,1,1,1,3,SE1 9DE,Southeast,5,"Borough Market, Cathedral St, London SE1 9DE",Not available,hobby,http://breadahead.com,0,0,1
Life Drawing at Naked Brunch,Flex your artistic muscles at Naked Brunch's Life Drawing,2,3,1,1,3,2,SW12 9SG,Southwest,6,12 Balham Station Road SW12 9SG,Not available,hobby,https://exhibitb.co.uk/naked-brunch/,0,0,1
Life Drawing at Waterloo Action Centre,Flex your artistic muscles at WAC's Life Drawing,2,2,1,1,3,2,SE1 7AA,Southeast,5,"14 Baylis Rd, Lambeth, London SE1 7AA",Not available,hobby,http://www.waterlooactioncentre.co.uk/,0,0,1
Life Drawing With The East London Strippers’ Collective,Flex your artistic muscles at a unique life drawing class,2,3,1,1,3,2,E1 6PJ,East,3,"Venue Varies, East London, E1 6PJ",Not available,hobby,https://www.meetup.com/Life-Drawing-With-ELSC/,0,0,1
Drink & Draw at the Royal Drawing School,Sip wine and try some painting at the Royal Drawing School,2,3,1,1,2,2,EC2A 3SG,Central - East,1,"19-22 Charlotte Rd, Hackney, London EC2A 3SG",Not available,hobby,http://royaldrawingschool.org,0,0,1
Jack the Ripper Tour,Try not to get scared on the Jack the Ripper Tour,1,1,1,2,1,1,EC3N 1AB,Central - East,1,"Aldgate High St, London EC3N 1AB",Not available,tour,https://freetoursbyfoot.com/jack-the-ripper-tour/#free,0,0,1
Harry Potter Tour,Let your inner nerd free on the Harry Potter Tour,1,1,1,2,1,1,SW1P 3AD,Southwest,6,"Westminster, London SW1P 3AD",Not available,tour,https://freetoursbyfoot.com/harry-potter-tour-london/,0,0,1
Cheese-Making at Wildes Cheese,Learn a new skill at Wildes Cheese,2,4,1,1,1,1,N17 8JA,North,7,"Queen St, London N17 8JA",Not available,hobby,https://wildescheese.co.uk/,0,0,1
Graffiti in Leake St Tunnel,Paint your own masterpiece in Leake St Tunnel,2,1,1,1,1,1,SE1 7NN,Southeast,5,"Leake St, Lambeth, London SE1 7NN",Not available,hobby,,0,0,1
Cocktail Making at London Cocktail Club - Oxford Circus,Take a cocktail making class,2,3,1,1,2,2,W1W 8QJ,West,4,"4 Great Portland St, Fitzrovia, London W1W 8QJ",Not available,hobby,http://londoncocktailclub.co.uk,0,0,1
TT-Liquor’s Interactive Cocktail Classes,Take a cocktail making class,2,3,1,1,2,2,E2 8AA,East,3,"17B Kingsland Rd, Hackney, London E2 8AA",Not available,hobby,https://ttliquor.co.uk/,0,0,1
Queens Skate Dine Ball,"Skate, eat and bowl at this all in one location",2,2,1,2,1,3,W2 4QP,West,4,"17 Queensway, Bayswater, London W2 4QP",Not available,activity,http://queens.london,0,0,1
Theatre at Shakespeare's Globe,Enjoy some theatre at Shakespeare's Globe,2,3,1,1,1,3,SE1 9DT,Southeast,5,"21 New Globe Walk, London SE1 9DT",Not available,theatre,https://www.shakespearesglobe.com/,0,0,1
Comedy at Top Secret Comedy Club,Laugh the night away at Top Secret Comedy Club,2,3,1,1,2,2,WC2B 5PD,Central - West,2,"170 Drury Ln, Holborn, London WC2B 5PD",Not available,comedy,https://thetopsecretcomedyclub.co.uk/,0,0,1
Comedy at The Comedy Store,Laugh the night away at the Comedy Store,2,2,1,1,2,2,SW1Y 4EE,Southwest,6,"1a Oxendon St, London SW1Y 4EE",Not available,comedy,https://thecomedystore.co.uk/,0,0,1
See a West End Show,Check out a musical or some theatre with a West End Show,2,3,1,1,2,3,W1D 3NE,West,4,"Soho, London W1D 3NE",Not available,theatre,http://londontheatredirect.com,0,0,1
Comedy at Angel Comedy Club,Laugh the night away at the Angel Comedy Club,2,2,1,1,2,2,N1 8NQ,North,7,"39 Queen's Head St, Islington, London N1 8NQ",Not available,comedy,https://www.angelcomedy.co.uk/,0,0,1
Electric Cinema,See a film at Electric Cinema,2,2,1,1,2,3,W11 2ED,West,4,"191 Portobello Rd, Notting Hill, London W11 2ED",Not available,theatre,https://www.electriccinema.co.uk/,0,0,1
The Everyman - Screen on the Green,See a film at Screen on the Green,2,2,1,1,2,3,N1 0NP,North,7,"83 Upper St, The Angel, London N1 0NP",Not available,theatre,https://www.everymancinema.com/,0,0,1
The Everyman - Hampstead,See a film at The Everyman,2,2,1,1,2,3,NW3 6TX,Northwest,8,"5 Holly Bush Vale, London NW3 6TX",Not available,theatre,https://www.everymancinema.com/,0,0,1
Cine Lumiere,See a foreign film at Cine Lumiere,2,2,1,1,2,3,SW7 2DT,Southwest,6,"17 Queensberry Pl, South Kensington, London SW7 2DT",Not available,theatre,https://www.institut-francais.org.uk/cine-lumiere/,0,0,1
Rich Mix,See a film at Rich Mix,2,2,1,1,2,3,E1 6LA,East,3,"35-47 Bethnal Green Rd, Shoreditch, London E1 6LA",Not available,theatre,https://richmix.org.uk/,0,0,1
British Museum,Check out world artefacts at the British Museum,2,1,1,1,1,1,WC1B 3DG,Central - West,2,"Great Russell St, Bloomsbury, London WC1B 3DG",Not available,museum,https://www.britishmuseum.org/,0,0,1
Barbican Conservatory,Explore a massive indoor garden at Barbican Conservatory,2,1,1,1,1,1,EC2Y 8DS,Central - East,1,"Silk St, London EC2Y 8DS",Not available,other,http://barbican.org.uk,0,0,1
Ronnie Scott's,Listen to live jazz at Ronnie Scott's,2,2,1,1,2,2,W1D 4HT,West,4,"47 Frith St, Soho, London W1D 4HT",Not available,music,http://ronniescotts.co.uk,0,0,1
The Ginstitute,Take a gin-making class at the Ginstitute,2,2,1,1,2,3,W11 1LA,West,4,"186 Portobello Rd, Notting Hill, London W11 1LA",Not available,hobby,https://www.theginstitute.com/,0,0,1
Draughts Waterloo,Play boardgames together at Draughts,2,2,1,1,1,3,SE1 7NN,Southeast,5,"Arch 16 Leake St, Lambeth, London SE1 7NN",Not available,activity,https://www.draughtslondon.com/,0,0,1
Draughts Hackney,Play boardgames together at Draughts,2,2,1,1,1,3,E8 2JS,East,3,"41 Kingsland High St, Dalston, London E8 2JS",Not available,activity,https://www.draughtslondon.com/,0,0,1
Greenwich Observatory Planetarium,Watch a show at the Planetarium,2,2,1,1,2,1,SE10 8XJ,Southeast,5,"Blackheath Ave, Greenwich, London SE10 8XJ",Not available,activity,http://www.rmg.co.uk,0,0,1
Backyard Comedy Club,Laugh the night away at the Backyard Comedy Club,2,2,1,1,2,2,E2 0EL,East,3,"231 Cambridge Heath Rd, Bethnal Green, London E2 0EL",Not available,comedy,http://backyardcomedyclub.co.uk/,0,0,1
Blues Kitchen,Listen to live music at Blues Kitchen,2,2,1,1,2,2,EC2A 3AR,Central - East,1,"134-146 Curtain Rd, Hackney, London EC2A 3AR",Not available,music,http://theblueskitchen.com,0,0,1
The Piano Works Farringdon,Listen to live music at The Piano Works Farringdon,2,2,1,1,2,2,EC1R 3BX,Central - East,1,"113-117 Farringdon Rd, Farringdon, London EC1R 3BX",Not available,music,http://pianoworks.bar,0,0,1
Sushi Class at London Cookery School,Learn to make sushi at London Cookery School,2,3,1,1,2,1,N7 6NJ,North,7,"296 Holloway Rd, London N7 6NJ",Not available,hobby,http://londoncookeryschool.co.uk,0,0,1
Opera at the Royal Opera House,Watch a performance at the Royal Opera House,2,4,1,1,2,2,WC2E 9DD,Central - West,2,"Bow St, Covent Garden, London WC2E 9DD",Not available,theatre,http://roh.org.uk,0,0,1
Young Vic,Watch a performance at the Young Vic,2,3,1,1,2,2,SE1 8LZ,Southeast,5,"66 The Cut, Lambeth, London SE1 8LZ",Not available,theatre,http://youngvic.org,0,0,1
Ballet at the Royal Opera House,Watch a performance at the Royal Opera House,2,4,1,1,2,2,WC2E 9DD,Central - West,2,"Bow St, Covent Garden, London WC2E 9DD",Not available,theatre,http://roh.org.uk,0,0,1
Sadler's Wells,Watch a dance performance at Sadler's Wells,2,3,1,1,2,2,EC1R 4TN,Central - East,1,"Rosebery Ave, Clerkenwell, London EC1R 4TN",Not available,theatre,http://sadlerswells.com,0,0,1
London Terrariums,Build a terrarium at London Terrariums,2,3,1,1,1,1,SE14 5BA,Southeast,5,"106a New Cross Rd, London SE14 5BA",Not available,hobby,https://londonterrariums.com/workshops,0,0,1
Whistlepunks - Vauxhall,Try axe-throwing at Whistlepunks Vauxhall,2,2,1,1,2,3,SW8 1SQ,Southwest,6,"Arch 25, Handel Business Centre, 73 Bondway, London SW8 1SQ",Not available,activity,https://www.whistlepunks.com/location/london-vauxhall/,0,0,1
Naked yoga at Doria Yoga,Try naked yoga at Doria Yoga,2,2,1,3,3,3,SW18 1AA,Southwest,6,"Clapham, SW9",Not available,sport,http://www.doriayoga.com/classes/,0,0,1
Watch a London football match at Arsenal Stadium,Watch a football game,1,3,1,1,1,3,N7 7AJ,North,7,"Hornsey Rd, London N7 7AJ",Not available,activity,https://www.livefootballtickets.com/city/london-tickets.html,0,0,1
Novelty Automation,Play quirky arcade games at Novelty Automation,2,2,1,1,1,1,WC1R 4AY,Central - West,2,"1A Princeton St, Holborn, London WC1R 4AY",Not available,activity,http://www.novelty-automation.com/,0,0,1
Brick Lane Street Art Tour,Check out cool street art in Brick Lane,1,1,1,2,1,1,E1 7QX,East,3,83 Whitechapel High Street E1 7QX,Not available,tour,https://freetoursbyfoot.com/london-tours/walking-tours/london-graffiti-and-street-art-tour/?gclid=EAIaIQobChMIs4_7sa3R5QIVibPtCh3Cmw8TEAAYAiAAEgIY1vD_BwE,0,0,1
Anspach & Hobday Brewery,Taste different beers at Asnpach & Hobday Brewery,2,2,1,1,1,3,SE1 2HH,Southeast,5,"118 Druid St, Bermondsey, London SE1 2HH",Not available,activity,https://www.anspachandhobday.com/,0,0,1
Brew By Numbers,Taste different beers at Brew By Number,2,2,1,1,1,3,SE16 3RA,Southeast,5,"75 Enid St, Bermondsey, London SE16 3RA, United Kingdom",Not available,activity,https://www.brewbynumbers.com/,0,0,1
Brick Brewery Peckham,Taste different beers at Brick Brewery in Peckham,2,2,1,1,1,3,SE15 4QL,Southeast,5,"Blenheim Grove, Peckham, London SE15 4QL",Not available,activity,http://www.brickbrewery.co.uk,0,0,1
Brixton Brewery,Taste different beers at Brixton Brewery,2,2,1,1,1,3,SW9 8PF,Southwest,6,"Arch 548 Brixton Station Rd, Brixton, London SW9 8PF",Not available,activity,http://brixtonbrewery.com,0,0,1
Bullfinch Brewery and Bar,Taste different beers at Bullfinch Brewery,2,2,1,1,1,3,SE24 9EH,Southeast,5,"Rosendale Rd, London SE24 9EH",Not available,activity,http://www.thebullfinchbrewery.co.uk/,0,0,1
Camden Town Brewery,Taste different beers at Camden Town Brewery,2,2,1,1,1,3,NW5 3NN,Northwest,8,"55-59 Wilkin Street Mews, Kentish Town, London NW5 3NN",Not available,activity,http://camdentownbrewery.com,0,0,1
Crate Brewery - Hackney Wick,Taste different beers at Crate Brewery on the water,2,2,1,1,1,3,E9 5EN,East,3,"Unit 7 Queen's Yard, Hackney Wick, London E9 5EN",Not available,activity,https://cratebrewery.com/,0,0,1
Howling Hops Brewery - Hackney Wick,Taste beer straight from the tank at Howling Hops,2,2,1,1,1,3,E9 5EN,East,3,"Unit 9A Queen's Yard, White Post Ln, London E9 5EN",Not available,activity,https://www.howlinghops.co.uk/,0,0,1
Meantime Brewing Company - Greenwich,Taste beers at Meantime Brewing Company,2,2,1,1,1,3,SE10 0AR,Southeast,5,"Lawrence Trading Estate, Blackwall Ln, Greenwich Peninsula, London SE10 0AR",Not available,activity,https://www.meantimebrewing.com/,0,0,1
Southwark Brewing Co,Taste beers from the cask at Southwark Brewery Co,2,2,1,1,1,3,SE1 2EZ,Southeast,5,"46 Druid St, London SE1 2EZ",Not available,activity,http://southwarkbrewing.co.uk/,0,0,1
Wine Unearthed,Take a wine tasting class at Wine Unearthed,2,3,1,1,2,2,W1K 3NP,West,4,"Finos Wine Cellar, 123 Mount St, Mayfair, London W1K 3NP",Not available,activity,http://www.wineunearthed.co.uk,0,0,1
Skylon Restaurant,Take a wine tasting class overlooking the Thames at Skylon,2,3,1,1,2,2,SE1 8XX,Southeast,5,"Belvedere Rd, Royal Festival Hall, London SE1 8XX",Not available,activity,https://www.skylon-restaurant.co.uk/,0,0,1
Humble Grape - Battersea,Do a wine tasting at Humble Grape Battersea,2,2,1,1,2,2,SW11 1ED,Southwest,6,"2 Battersea Rise, London SW11 1ED",Not available,activity,https://www.humblegrape.co.uk/wine-bar/battersea/,0,0,1
Humble Grape - Fleet Street,Do a wine tasting at Humble Grape Fleet Street,2,2,1,1,2,2,EC4Y 8EJ,Central - East,1,"1 St. Bride's Passage, London EC4Y 8EJ",Not available,activity,https://www.humblegrape.co.uk/wine-bar/fleet-street/,0,0,1
Humble Grape - Islington,Do a wine tasting at Humble Grape Islington,2,2,1,1,2,2,N1 0QY,North,7,"11-13 Theberton St, The Angel, London N1 0QY",Not available,activity,https://www.humblegrape.co.uk/wine-bar/islington/,0,0,1
Humble Grape - Liverpool St,Do a wine tasting at Humble Grape Liverpool Street,2,2,1,1,2,2,EC2M 4RH,Central - East,1,"8 Devonshire Row, London EC2M 4RH",Not available,activity,https://www.humblegrape.co.uk/wine-bar/liverpool-street/,0,0,1
Humble Grape - Canary Wharf,Do a wine tasting at Humble Grape Canary Wharf,2,2,1,1,2,2,E14 4PH,East,3,"18-20 Mackenzie Walk, Canary Wharf, London E14 4PH",Not available,activity,https://www.humblegrape.co.uk/wine-bar/canary-wharf/,0,0,1
Berry Bros & Rudd,Do a wine tasting at Berry Bros & Rudd,2,2,1,1,2,2,SW1Y 5HZ,Southwest,6,"63 Pall Mall, St. James's, London SW1Y 5HZ","Founded in 1698, this wine bar has centuries of history and excellent wine. They have a variety of wine and champagnet tastings",activity,https://www.bbr.com/tastings-and-hospitality,0,0,1
Hedonism Wines,Taste some wines at Hedonism Wines,2,3,1,1,2,2,SW6 1RP,Southwest,6,"21-27 Seagrave Rd, Fulham, London SW6 1RP",This swanky Mayfair wine bar has 2 floors of fine wines. Tastings are available for a fee.,activity,https://hedonism.co.uk/,0,0,1
Roberson Wine,Blend some fine wine at Robertson Wines,2,3,1,1,2,2,SW6 1RP,Southwest,6,"21-27 Seagrave Rd, Fulham, London SW6 1RP",,hobby,https://www.robersonwine.com/winery-and-tastings/tours-and-tastings/,0,0,1
London Wine Academy,Take a wine tasting or masterclass course at London Wine Academy,2,4,1,1,2,2,SW1A 1LS,Southwest,6,"7-8 Park Pl, St. James's, London SW1A 1LS",,activity,https://londonwineacademy.com/,0,0,1
Coffee Shop Crawl (Various Locations),Explore the city by tasting and comparing coffees throughout the neighbourhood,2,2,1,2,1,1,E1 1BY,East,3,ANY,"Discover your own sites for the best Mocha, Cappccino or Espresso wandering through a new neighbourhood - or check out this article from The Telegraph for some inspiration: https://www.telegraph.co.uk/travel/tours/london-best-coffee-shops/",activity,,0,0,1
London Zoo,Check out some cute animals at London Zoo,1,2,1,2,1,1,NW1 4RY,Northwest,8,"Outer Cir, London NW1 4RY",,activity,https://www.zsl.org/zsl-london-zoo,0,0,1
The Postal Museum,Explore hidden London tunnels at The Postal Musum,2,2,1,1,1,1,WC1X 0HH,Central - West,2,"15-20 Phoenix Pl, London WC1X 0DA",,museum,https://www.postalmuseum.org/?gclid=EAIaIQobChMI9syS_bvR5QIVx7HtCh2bEwBLEAAYAyAAEgJGxPD_BwE,0,0,1
The Cartoon Museum,"For something novel, explore the world of cartoons at comics at the Cartoon Museum",2,2,1,1,1,1,W1A 3AE,West,4,"63 Wells St, Fitzrovia, London W1A 3AE",,museum,https://www.cartoonmuseum.org/,0,0,1
Experience Archery,Take an archery class at Experience Archery,2,2,1,3,1,1,N19 3RQ,North,7,"Caxton House, 129, St John's Way, London N19 3RQ",,hobby,https://www.experiencearchery.com/,0,0,1
ArcheryFit,Shoot your shot at ArcheryFit,2,2,1,3,1,1,SE10 8EW,Southeast,5,"Hatfield House, Merryweather Place, London SE10 8EW",,hobby,https://archeryfit.com/,0,0,1
2020 Archery,Take an archery class at 2020 Archery,2,2,1,3,1,1,SE1 2EZ,Southeast,5,"Coxson Place, The Downside Centre, Druid St, London SE1 2EZ",,hobby,https://www.2020archery.co.uk/,0,0,1
Jump London,Jump sky high on trampolines at Jump London,2,2,1,3,1,1,IG11 0RJ,West,4,"Unit 1A, Ripple Rd, London IG11 0RJ",,activity,https://www.jumplondon.com/,0,0,1
Banya No 1,"Relax at a traditional (and very hot) Russian sauna, where bundles of branches will be used for skindetox",2,4,1,1,3,1,N1 7TB,North,7,"17 Micawber St, Hoxton, London N1 7TB, United Kingdom",,other,https://gobanya.co.uk/,0,0,1
The Old Hammam and Spa,Relax in a traditional Turkish style hammam bath and spa with beautiful décor - get a massage too!,2,4,1,1,3,1,N9 9DY,North,7,"The Old Hammam And Spa, 17 Church St, London N9 9DY, United Kingdom",,other,https://www.oldhammam.co.uk/,0,0,1
Wilton's Music Hall,Check out a show at this beautiful old-fashioned venue and music hall,2,3,1,1,2,2,E1 8JB,East,3,"1 Graces Alley, Whitechapel, London E1 8JB, United Kingdom",,theatre,http://www.wiltons.org.uk/,0,0,1
Rivoli Ballroom (Cinema Nights),Watch a movie in this gorgeous old fashioned ballroom wth chandeliers and red accents,2,2,1,1,2,2,SE4 2BY,Southeast,5,"350 Brockley Rd, Brockley, London SE4 2BY, United Kingdom",,theatre,https://www.rivoliballroom.com/,0,0,1
Star-gazing class at the Culpeper,Watch the stars from the rooftop of this quaint bar,2,3,1,1,2,2,E1 6LP,East,3,"40 Commercial St, Spitalfields, London E1 6LP, United Kingdom",,activity,https://www.theculpeper.com/,0,0,1
Secret Cinema,"An immersive live theatre experience in a secret location, where you dress as part of the cast and interact in the storyline",2,4,1,1,2,2,E1 6LP,East,3,ANY,,theatre,https://www.secretcinema.org/,0,0,1
The Horniman Museum,"Check out displays of anthropology, natural history and musical instruments at this museum.",2,1,1,1,1,1,SE23 3PQ,Southeast,5,"100 London Rd, Forest Hill, London SE23 3PQ, United Kingdom",,museum,https://www.horniman.ac.uk/,0,0,1
Jazz Café Camden,"Listen to some jazz, soul and reggae at this chill venue in Camden",2,2,1,1,2,2,NW1 7PG,Northwest,8,"5 Parkway, Camden Town, London NW1 7PG, United Kingdom",,music,https://thejazzcafelondon.com/,0,0,1
Oriole (for live music),Enjoy live music and explorer-style décor in this cool cocktail venue,2,2,1,1,2,2,EC1A 9LH,Central - East,1,"E Poultry Ave, Farringdon, London EC1A 9LH, United Kingdom",,music,https://www.oriolebar.com/,0,0,1
Hideaway Streatham,"Listen to live jazz, blues, soul and swing or enjoy comedy with a few cocktails",2,2,1,1,2,3,SW16 2BF,Southwest,6,"2 Empire Mews, Stanthorpe Rd, Streatham, London SW16 2BF, United Kingdom",,music,https://www.hideawaylive.co.uk/,0,0,1
Piano Works West End,Listen to top hits played live on the piano,2,2,1,1,2,2,WC2H 7DH,Central - West,2,"47 Whitcomb St, London WC2H 7DH, United Kingdom",,music,https://pianoworks.bar/,0,0,1
Piano Works Farringdon,Listen to top hits played live on the piano,2,2,1,1,2,2,EC1R 3BX,Central - East,1,"113-117 Farringdon Rd, Farringdon, London EC1R 3BX, United Kingdom",,music,https://pianoworks.bar/,0,0,1
The Boat Show Comedy Club,Check out some top comedy acts on the side of the Thames in a paddle steamer boat,2,2,1,1,2,2,WC2R 2PH,Central - West,2,"Ps Tattershall Castle, Temple Station, Salsa! Temple, Victoria Embankment, London WC2R 2PH, United Kingdom",,comedy,https://www.boatshowcomedy.co.uk/,0,0,1
Comedy Carnival - Leicester Square,Check out some comedy at this popular central London location,2,2,1,1,2,2,W1D 7EP,West,4,"36 Shaftesbury Ave, London W1D 7EP, United Kingdom",,comedy,https://comedycarnival.co.uk/leicester-square/,0,0,1
Comedy Carnival - Clapham,Check out some comedy in a plush and restored Victorian theatre,2,2,1,1,2,2,SW4 7UH,Southwest,6,"146 Clapham High St, Clapham Town, London SW4 7UH, United Kingdom",,comedy,https://comedycarnival.co.uk/clapham/,0,0,1
Comedy Carnival - Covent Garden,Check out some comedy at this popular central London location,2,2,1,1,2,2,WC2H 9LA,Central - West,2,"42 Earlham St, London WC2H 9LA, United Kingdom",,comedy,https://comedycarnival.co.uk/covent-garden/,0,0,1
Camden Comedy Club,Enjoy live comedy every night in Camden,2,2,1,1,2,2,NW1 0LU,Northwest,8,"100 Camden High St, Camden Town, London NW1 0LU, United Kingdom",,comedy,http://camdencomedyclub.com/,0,0,1
99 Club,Check out some comedy at this popular central London location,2,2,1,1,2,2,WC2H 7BP,Central - West,2,"Ruby Blue, 2nd Floor 1 Leicester Place, Leicester Square, London WC2H 7BP, United Kingdom",,comedy,https://www.99clubcomedy.com/,0,0,1
MOTH Club,Enjoy some live music performance in a homey setting,2,2,1,1,2,2,E9 6NU,East,3,"Old Trades Hall, Valette St, London E9 6NU, United Kingdom",,music,http://www.mothclub.co.uk/,0,0,1
Union Chapel,"Experience comedy or live-music in a 19th-century Gothic style church, for something a bit different",2,2,1,1,2,2,N1 2UN,North,7,"19b Compton Terrace, London N1 2UN, United Kingdom",,music,https://www.unionchapel.org.uk/,0,0,1
Banana Cabaret,Enjoy some comedy in South London,2,2,1,1,2,2,SW12 9HD,Southwest,6,"77 Bedford Hill, Balham, London SW12 9HD, United Kingdom",,comedy,http://bananacabaret.co.uk,0,0,1
Electronic Theatre,Try immersive adventure games in digital rooms,2,3,1,1,1,3,SE1 0XN,Southeast,5,"Arch 3, 83 Scoresby St, London SE1 0XN, United Kingdom",,activity,https://electronictheatre.com/,0,0,1
Otherworld,Visit an island retreat or fight zombies in this virtual reality arcade and cocktail bar,2,3,1,1,1,1,E8 4EA,East,3,"336 Acton Mews, Haggerston, London E8 4EA, United Kingdom",,activity,https://other.world/,0,0,1
The Crystal Maze - West End,"Based on the popular game show, jump into this immersive and 3D game and complete challenges",2,3,1,1,1,1,W1D 7EU,West,4,"22 - 32 Shaftesbury Ave, London W1D 7EU, United Kingdom",,activity,https://the-crystal-maze.com/london-westend/,0,0,1
Brockwell Lido,Swim in the open air at this Lido pool,2,2,1,3,2,2,SE24 0PA,Southeast,5,"Brockwell Park, Dulwich Rd, London SE24 0PA, United Kingdom",,sport,https://www.fusion-lifestyle.com/centres/brockwell-lido/,0,0,1
Hackney Wick Boulder Project,Flex your muscles climbing at this fun bouldering wall in the heart of Hackney Wick,2,2,1,3,1,3,E9 5LN,East,3,"117 Wallis Rd, Hackney Wick, London E9 5LN, United Kingdom",,sport,https://hackneywickboulder.co.uk/,0,0,1
Teamsport Go Karting - Tower Bridge,Race around a track with a state-of-the-art Go Karting experience,1,3,1,3,1,1,SE16 4DG,Southeast,5,"Tower Bridge Business Park, 100 Clements Rd, London SE16 4DG, United Kingdom",,sport,https://www.team-sport.co.uk/go-karting-london-tower-bridge/?utm_source=Google&utm_medium=Local,0,0,1
Chel-ski,Go skiing without leaving London at this indoor ski bar complete with an Alpine bar,2,3,1,3,1,1,SW6 2EJ,Southwest,6,"4 Sotheron Place, Fulham, London SW6 2EJ, United Kingdom",,sport,https://www.chel-ski.uk/,0,0,1
The Climbing Hangar,Climbing metropolis to try out indoor bouldering,2,2,1,3,1,3,SW6 4HH,Southwest,6,"Parson Green Depot, 5, 33-35 Parsons Green Ln, London SW6 4HH, United Kingdom",,sport,https://www.theclimbinghangar.com/locations/london,0,0,1
All Star Lanes - Brick Lane,Grab a cocktail and bowl the night away at this retro-American bowling alley with karaoke,2,2,1,3,1,3,E1 6QL,East,3,"95 Brick Ln, London E1 6QL, United Kingdom",,sport,https://www.allstarlanes.co.uk/,0,0,1
All Star Lanes - Holborn,Grab a cocktail and bowl the night away at this retro-American bowling alley with karaoke,2,2,1,3,1,3,WC1B 4DA,Central - West,2,"Victoria House, Bloomsbury Pl, Holborn, London WC1B 4DA, United Kingdom",,sport,https://www.allstarlanes.co.uk/,0,0,1
All Star Lanes - Stratford,Grab a cocktail and bowl the night away at this retro-American bowling alley with karaoke,2,2,1,3,1,3,E20 1ET,East,3,"Montfichet Rd, London E20 1ET, United Kingdom",,sport,https://www.allstarlanes.co.uk/,0,0,1
Bar Kick - Shoreditch,Play foosball and grab a beer at this quirky bar,2,2,1,2,1,3,E1 6JE,East,3,"127 Shoreditch High St, Hackney, London E1 6JE, United Kingdom",,activity,http://cafekick.co.uk,0,0,1
London Shuffle Club - Shoreditch,Visit for shuffleboard courts and pizza to make for a casual date,2,2,1,2,1,3,E20 1ET,East,3,"Montfichet Rd, London E20 1ET, United Kingdom",,activity,http://londonshuffle.com,0,0,1
Bounce - Holborn,Play a competitive game of ping pong in this 1950's style bar and restaurant,2,2,1,3,1,3,EC1N 2TD,Central - East,1,"121 Holborn, London EC1N 2TD, United Kingdom",,activity,http://bouncepingpong.com,0,0,1
Bounce - Shoreditch,Play a competitive game of ping pong in this casual Old Street spot,2,2,1,3,1,3,EC1V 9EY,Central - East,1,"241 Old St, Hoxton, London EC1V 9EY, United Kingdom",,activity,http://bouncepingpong.com,0,0,1
Electric Shuffle - Canary Wharf,Enjoy shuffleboard games with electric touches in this bar,2,2,1,2,1,3,E14 4EY,East,3,"10 Cabot Square, N Colonnade, Canary Wharf, London E14 4EY, United Kingdom",,activity,https://electricshuffle.com/,0,0,1
Swingers - West End,Play crazy golf and enjoy some cocktails,2,2,1,3,2,3,W1G 0AB,West,4,"15 John Prince's St, Marylebone, London W1G 0AB, United Kingdom",,activity,http://swingers.club,0,0,1
The Four Quarters - Peckham,Play retro arcade video games and drink craft beer at this Peckham bar,2,2,1,2,1,3,SE15 4TP,Southeast,5,"187 Rye Ln, Peckham, London SE15 4TP, United Kingdom",,activity,http://geocities.fourquartersbar.co.uk/,0,0,1
The Four Quarters - Hackney Wick,Play retro arcade video games and drink craft beer at this Peckham bar,2,2,1,2,1,3,E20 3BS,East,3,"Queen Elizabeth Olympic Park, 8, Canalside, E Bay Ln, London E20 3BS, United Kingdom",,activity,http://geocities.fourquartersbar.co.uk/,0,0,1
ABQ Bar,"""Cook"" your own cocktails using experimental chemical techniques",2,3,1,2,1,3,E8 1DU,East,3,"18 Bohemia Pl, London E8 1DU, United Kingdom",,activity,http://abqlondon.com,0,0,1
Four Thieves,Play a virtual reality game or indoor mini golf and more at this quirky pub and arcade,2,2,1,2,1,3,SW11 1DJ,Southwest,6,"51 Lavender Gardens, London SW11 1DJ, United Kingdom",,activity,http://fourthieves.pub,0,0,1
Urban Golf - Farringdon,"Play a round of golf without stepping outside, at Urban Golf",2,2,1,2,1,3,EC1A 9LA,Central - East,1,"12 Smithfield St, Farringdon, London EC1A 9LA, United Kingdom",,activity,http://urbangolf.co.uk,0,0,1
Go Ape - Battersea,Try a thrilling treetop adventure of high ropes and zip wires,2,3,1,3,1,1,SW11 4NJ,Southwest,6,"Battersea Park, London SW11 4NJ, United Kingdom",,sport,http://goape.co.uk,0,0,1
Go Ape - Alexandra Palace,Try a thrilling treetop adventure of high ropes and zip wires,2,3,1,3,1,1,N22 7AY,North,7,"Alexandra Palace, Alexandra Palace Way, London N22 7AY, United Kingdom",,sport,http://goape.co.uk,0,0,1
Kayaking London,Kayak through London and enjoy the top sites,2,4,1,3,1,3,SW10 0QH,Southwest,6,"Cremorne Riverside Cremorne Gardens, Lots Rd, London SW10 0QH, United Kingdom",,sport,http://kayakinglondon.com,0,0,1
Up at the O2,Try a sunset climb up Greenwich's O2 venue for an unforgettable experience with beautiful views,2,4,1,3,2,3,SE10 0DX,Southeast,5,"Peninsula Square, Greenwich Peninsula, London SE10 0DX, United Kingdom",,sport,http://theo2.co.uk,0,0,1
Thames Rockets - Speedboating,Check out the London landscape riding at high-speed down the Thames River,2,3,1,2,2,1,SE1 7PB,Southeast,5,"Boarding Gate One, The London Eye Millennium Pier, London SE1 7PB, United Kingdom",,other,http://thamesrockets.com,0,0,1
The London Helicopter,Get a new perspective on London from the sky in a memorable helicopter ride,1,5,1,2,2,1,SW11 3BE,Southwest,6,"The POD Building, Bridges Ct Rd, Battersea, London SW11 3BE, United Kingdom",,other,https://www.thelondonhelicopter.com/,0,0,1
Lee Valley White Water Centre - Watersports,"Try kayaking, hydro-speeding, tubing or white-water rafting!",2,4,1,3,1,1,EN9 1AB,East,3,"Station Rd, Waltham Cross EN9 1AB, United Kingdom",,sport,http://gowhitewater.co.uk,0,0,1
ArcelorMittal Orbit,"Race down this iconic slide built in Queen Elizabeth Olympic Park, or abseil down with Wire & Sky",2,2,1,3,1,1,E20 2AD,East,3,"Queen Elizabeth Olympic Park, 5 Thornton St, London E20 2AD, United Kingdom",,sport,http://arcelormittalorbit.com/,0,0,1
WakeUp Docklands,"Enjoy some watersports like wakeboarding and paddleboard pilates, and don't forget their beach bar too",2,3,1,3,1,1,E16 1AH,East,3,"1 Dock Rd, Royal Docks, London E16 1AH, United Kingdom",,sport,https://www.wakeupdocklands.com/,0,0,1
Parkour Generations,Take an adventours free-running class with other thrill-seekers at Parkour Generations,1,2,1,3,1,1,E14 0JY,East,3,"Chainstore Gym & Parkour Academy, 64 Orchard Place Trinity Buoy Wharf, London E14 0JY, United Kingdom",,sport,https://parkourgenerationslondon.com/,0,0,1
Oxygen Freejumping,Bounce and soar at Oxygen Freejumping,1,2,1,3,1,1,SE10 0DX,Southeast,5,"Peninsula Square, Greenwich Peninsula, London SE10 0DX, United Kingdom",,sport,http://oxygenfreejumping.co.uk,0,0,1
Lee Valley VeloPark,Try out some mountain biking trails and road-circuit racing in Lee Valley,2,3,1,3,1,1,E20 3AB,East,3,"Abercrombie Rd, London E20 3AB, United Kingdom",,sport,http://visitleevalley.org.uk,0,0,1
Zip Now London,Soar through the sky at 50kph on a zip wire through London,2,3,1,3,1,1,SE1 7LE,Southeast,5,"Carlisle Ln, Lambeth, London SE1 7LE, United Kingdom",,sport,http://london.zip-now.co,0,0,1
Grant Museum of Zoology,Check out this quirky one of a kind zoological museum in London,2,1,1,1,1,1,WC1E 6DE,Central - West,2,"Rockefeller Building, 21 University St, Bloomsbury, London WC1E 6DE, United Kingdom",,museum,http://ucl.ac.uk,0,0,1
Pollock's Toy Museum,"For something novel, explore this museum of old toys in an unrestored Georgian townhouse",2,2,1,1,1,1,W1T 2HL,West,4,"1 Scala St, Bloomsbury, London W1T 2HL, United Kingdom",,museum,http://pollockstoys.com,0,0,1
Gorilla Circus Flying Trapeze School,Leave a circus performer at the Flying Trapeze School,2,3,1,3,1,1,SW7 5ET,Southwest,6,"London SW7 5ET, United Kingdom",,sport,http://www.gorillacircus.com/flyingtrapezeschool/,0,0,1
Secret City Trails,Explore London cracking hidden puzzles on these secret trails,2,2,1,2,1,1,E1 6JE,East,3,ANY,,activity,https://www.secretcitytrails.com/,0,0,1
Shri Swaminarayan Mandir Temple,Explore this beautiful and intricate Hindu marble temple that looks straight out of India,2,1,1,2,1,1,NW10 8LD,Northwest,8,"105-119 Brentfield Rd, London NW10 8LD, United Kingdom",,market,http://londonmandir.baps.org,0,0,1
Brixton Market,"Grab Caribbean food, a craft beer and more at this market medley in the heart of Brixton",2,1,1,2,1,3,SW9 8JX,Southwest,6,"Electric Ave, Brixton, London SW9 8JX, United Kingdom",,museum,http://brixtonmarket.net/,0,0,1
Imperial War Museum,Check out artefacts of past wars and learn about history at the Imperial War Museum,2,1,1,1,1,1,SE1 6HZ,Southeast,5,"Lambeth Rd, London SE1 6HZ, United Kingdom",,museum,http://iwm.org.uk,0,0,1
The Bridge Theatre,Check out new plays and reimagined classics at this riverfront theater,2,2,1,1,1,3,SE1 2SG,Southeast,5,"3 Potters Fields Park, London SE1 2SG, United Kingdom",,theatre,http://bridgetheatre.co.uk,0,0,1
Highgate Cemetery,"Explore this creepy but highly popular 19th century cemetary, for mossy gravestones and pathways",2,2,1,2,1,1,N6 6PJ,North,7,"Swain's Ln, Highgate, London N6 6PJ, United Kingdom",,other,https://highgatecemetery.org/,0,0,1
The Kiln Rooms - Ceramic Class,Try a taster pottery class - throw on a wheel and fire and glaze some pottery,2,4,1,1,1,1,SE15 4QJ,Southeast,5,"Railway Arch 198 Bellenden Road, (Rear of 85 Bellenden Rd), London SE15 4QJ, United Kingdom",,hobby,http://www.thekilnrooms.com/,0,0,1
Yuki's Kitchen - Sushi Class,Learn to make sushi and cook street food at Yuki's Kitchen,2,4,1,1,2,1,SE19 3PU,Southeast,5,"21 Harold Road, London SE19 3PU, United Kingdom",,hobby,https://www.yukigomi.com/,0,0,1
BungaTINI - Pizza Making Class,"Join for a night of dough tossing, Italian piza making and cocktails",2,3,1,1,2,2,WC2B 5PG,Central - West,2,"167 Drury Ln, Holborn, London WC2B 5PG, United Kingdom",,hobby,https://www.bungabunga.com/bungatini/,0,0,1
Quill London - Calligraphy Class,Learn modern calligraphy using ink and nib at Quill London,2,5,1,1,1,1,EC1R 1UR,Central - East,1,"37 Amwell St, Islington, London EC1R 1UR, United Kingdom",,hobby,https://quilllondon.com/,0,0,1
Graffiti Kings,Plan a one to one graffiti class session with Graffiti Kings,1,5,1,1,1,1,EC1A 4AE,Central - East,1,"Graffiti Kings, Aldersgate St, Barbican, London EC1A 4AE, United Kingdom",,hobby,http://graffitikings.co.uk,0,0,1
Alcotraz - Covent Garden,"Inside the Aloctraz prison, smuggle in spirits past the guards and learn to mix your own cocktails from the bar's mixologists",2,3,1,1,2,2,WC2H 9PA,Central - West,2,"68a Neal St, Covent Garden, London WC2H 9PA, United Kingdom",,hobby,https://www.alcotraz.co.uk/,0,0,1
Alcotraz - Shoreditch,"Inside the Aloctraz prison, smuggle in spirits past the guards and learn to mix your own cocktails from the bar's mixologists",2,3,1,1,2,2,E1 6SA,East,3,"212 Brick Ln, London E1 6SA, United Kingdom",,hobby,https://www.alcotraz.co.uk/,0,0,1
Martello Hall,Blend your own small batch gin and learn to mix cocktails at a gin masterclass,2,3,1,1,2,2,E8 3RH,East,3,"137 Mare St, London E8 3RH, United Kingdom",,hobby,https://www.martellohall.com/,0,0,1
Map Maison,Take a Japanese Whisky Masterclass or cocktail making lesson at Map Maison,2,4,1,1,2,2,E8 4DL,East,3,"MAP Maison, 321 Kingsland Rd, Dalston, London E8 4DL, United Kingdom",,hobby,https://www.mapmaison.com/,0,0,1
Black Sheep Bow Lane,Learn to brew the perfect cup of coffee at Black Sheep's coffee masterclass,2,4,1,1,1,1,EC4M 9AL,Central - East,1,"12 Bow Ln, London EC4M 9AL, United Kingdom",,hobby,https://leavetheherdbehind.com/,0,0,1
Pasta Remoli - Pasta Making Class,Learn to make homemade Italian pasta with authentic ingredients at a pasta masterclass,2,4,1,1,2,1,N4 3JP,North,7,"7 Clifton Terrace, Finsbury Park, London N4 3JP, United Kingdom",,hobby,http://pastaremoli.co.uk,0,0,1
Maskelyne & Cooke - Magic Class,"Learn a magic trick or two while sipping a cocktail, at this masterclass",2,2,1,1,1,2,W1J 0BH,West,4,"21 Piccadilly England, London W1J 0BH, United Kingdom",,hobby,http://maskelyneandcooke.co.uk,0,0,1
Hawkes,"Take a brewery tour or tasting, or book a cider making class!",2,2,1,1,1,3,SE1 2HQ,Southeast,5,"86-92 Druid St, Bermondsey, London SE1 2HQ, United Kingdom",,hobby,http://wearehawkes.com,0,0,1
Yo! Sushi - Sushi Making Class,Learn to roll your own Japanese sushi by hand,2,3,1,1,1,3,W1T 4TT,West,4,"106 Tottenham Court Rd, Bloomsbury, London W1T 4TT, United Kingdom",,hobby,http://yosushi.com,0,0,1
